acl_object_identity,recipient,id,mask
2,ROLE_ADMIN,5,1
13,ROLE_ADMIN,13,1
13,org_admin,14,2
14,ROLE_ADMIN,15,1
14,org_admin,17,2
16,ROLE_ADMIN,20,1
2,gil,4,6
26,ROLE_ADMIN,41,1
2,org_admin,1,2
3,ROLE_ADMIN,6,1
3,gil,45,1
2,sasha,47,6
30,ROLE_ADMIN,49,1
31,ROLE_ADMIN,50,1
2,gch,52,1
2,vasanti,53,1
31,gil,54,1
32,ROLE_ADMIN,55,1
33,ROLE_ADMIN,56,1
33,reading_admin,57,1
34,ROLE_ADMIN,58,1
35,ROLE_ADMIN,59,1
37,ROLE_ADMIN,61,1
38,ROLE_ADMIN,62,1
39,ROLE_ADMIN,63,1
40,ROLE_ADMIN,64,1
41,ROLE_ADMIN,65,1
42,ROLE_ADMIN,66,1
43,ROLE_ADMIN,67,1
44,ROLE_ADMIN,68,1
45,ROLE_ADMIN,69,1
46,ROLE_ADMIN,70,1
46,spain_admin,71,30
45,spain_admin,72,30
44,spain_admin,73,30
43,spain_admin,74,30
42,spain_admin,75,30
41,spain_admin,76,30
40,spain_admin,77,30
39,spain_admin,78,30
38,spain_admin,79,30
37,spain_admin,80,30
35,spain_admin,81,30
34,spain_admin,83,30
47,ROLE_ADMIN,84,1
47,spain_admin,85,1
48,ROLE_ADMIN,86,1
49,ROLE_ADMIN,87,1
50,ROLE_ADMIN,88,1
51,ROLE_ADMIN,89,1
52,ROLE_ADMIN,90,1
53,ROLE_ADMIN,91,1
54,ROLE_ADMIN,92,1
53,spain_admin,93,1
54,spain_admin,94,1
50,spain_admin,95,1
51,spain_admin,96,1
48,spain_admin,97,1
52,spain_admin,98,1
2,gch_events,99,1
55,ROLE_ADMIN,100,1
56,ROLE_ADMIN,101,1
55,isw_events,102,1
58,ROLE_ADMIN,105,1
58,anubhuti_events,106,1
34,alicante_admin,107,30
35,barcelona_admin,108,30
37,cordoba_admin,109,30
38,granada_admin,110,30
39,las_palmas_admin,111,30
40,leon_admin,112,30
48,leida_admin,113,1
41,madrid_admin,114,30
42,malaga_admin,115,30
53,manresa_admin,116,1
51,palma_admin,117,1
50,sabadell_admin,118,1
54,santa_cruz_admin,119,1
43,sevilla_admin,120,30
44,terrassa_admin,121,30
45,torrent_admin,122,30
46,valencia_admin,123,30
47,zaragoza_admin,124,1
59,ROLE_ADMIN,125,1
62,ROLE_ADMIN,128,1
63,ROLE_ADMIN,129,1
64,ROLE_ADMIN,130,1
70,ROLE_ADMIN,136,1
71,ROLE_ADMIN,137,1
77,ROLE_ADMIN,143,1
59,joerdis,153,30
83,ROLE_ADMIN,169,1
83,sheffield_admin,170,1
58,rekha,171,1
2,rekha,172,1
3,rekha,173,1
33,rekha,174,1
83,rekha,175,1
84,ROLE_ADMIN,176,1
85,ROLE_ADMIN,177,1
86,ROLE_ADMIN,178,1
87,ROLE_ADMIN,179,1
88,ROLE_ADMIN,180,1
89,ROLE_ADMIN,181,1
90,ROLE_ADMIN,182,1
91,ROLE_ADMIN,183,1
92,ROLE_ADMIN,184,1
93,ROLE_ADMIN,185,1
94,ROLE_ADMIN,186,1
94,yambi,187,1
95,ROLE_ADMIN,188,1
96,ROLE_ADMIN,189,1
97,ROLE_ADMIN,190,1
95,Beata,191,1
51,mallorca_admin,196,1
98,ROLE_ADMIN,197,1
98,leeds_admin,198,1
98,rekha,199,1
99,ROLE_ADMIN,200,1
99,northwales_admin,202,1
99,rekha,203,1
101,ROLE_ADMIN,204,1
102,ROLE_ADMIN,205,1
102,peter_org_admin,206,1
103,ROLE_ADMIN,207,1
103,luton_admin,208,1
103,rekha,209,1
104,ROLE_ADMIN,210,1
105,ROLE_ADMIN,211,1
107,ROLE_ADMIN,214,1
107,peru_admin,215,1
108,ROLE_ADMIN,216,1
109,ROLE_ADMIN,217,1
109,peru_admin,218,1
108,peru_admin,219,1
110,ROLE_ADMIN,220,1
110,moscow_admin,221,1
100,ROLE_ADMIN,201,1
100,glasgow_admin,227,1
31,vienna_admin,228,1
113,ROLE_ADMIN,229,1
113,edinburgh_admin,230,1
114,ROLE_ADMIN,231,1
115,ROLE_ADMIN,232,1
114,aberdeen_admin,233,1
115,birmingham_admin,234,1
116,ROLE_ADMIN,235,1
116,brighton_admin,236,1
118,ROLE_ADMIN,239,1
86,joerdis,240,1
88,joerdis,241,1
92,joerdis,242,1
87,joerdis,243,1
90,joerdis,244,1
91,joerdis,245,1
84,joerdis,246,1
89,joerdis,247,1
85,joerdis,248,1
93,joerdis,249,1
119,ROLE_ADMIN,250,1
120,ROLE_ADMIN,251,1
121,ROLE_ADMIN,252,1
121,joerdis,253,1
122,ROLE_ADMIN,254,1
123,ROLE_ADMIN,255,1
123,joerdis,256,1
124,ROLE_ADMIN,257,1
52,gil,259,1
127,ROLE_ADMIN,261,1
127,joerdis,262,1
128,ROLE_ADMIN,263,1
128,joerdis,264,1
129,ROLE_ADMIN,265,1
129,joerdis,266,1
130,ROLE_ADMIN,267,1
130,joerdis,268,1
131,ROLE_ADMIN,269,1
131,manchester_admin,270,1
131,rekha,271,1
133,ROLE_ADMIN,274,1
134,ROLE_ADMIN,275,1
135,ROLE_ADMIN,276,1
136,ROLE_ADMIN,277,1
137,ROLE_ADMIN,278,1
138,ROLE_ADMIN,279,1
138,dundee_admin,280,1
133,coventry_admin,281,1
118,suttoncoldfield_admin,283,1
118,rekha,284,1
139,ROLE_ADMIN,285,1
140,ROLE_ADMIN,286,1
141,ROLE_ADMIN,287,1
142,ROLE_ADMIN,288,1
143,ROLE_ADMIN,289,1
144,ROLE_ADMIN,290,1
145,ROLE_ADMIN,291,1
146,ROLE_ADMIN,292,1
145,westbromwich_admin,293,1
146,wellingborough_admin,294,1
144,wakefield_admin,295,1
142,slough_admin,296,1
141,nottingham_admin,297,1
140,newcastle_admin,298,1
139,inverness_admin,299,1
147,ROLE_ADMIN,300,1
147,colchester_admin,301,1
147,rekha,302,1
102,rekha,303,1
148,ROLE_ADMIN,304,1
148,isleofman_admin,305,1
148,rekha,306,1
149,ROLE_ADMIN,307,1
149,rekha,308,1
149,bradford_admin,309,1
150,ROLE_ADMIN,310,1
150,rekha,311,1
150,cardiff_admin,312,1
152,rekha,317,1
152,kensington_admin,318,1
151,ROLE_ADMIN,313,1
151,rekha,314,1
151,haverhill_admin,315,1
152,ROLE_ADMIN,316,1
2,mona,319,1
153,ROLE_ADMIN,320,1
153,sanath,321,1
154,ROLE_ADMIN,322,1
155,ROLE_ADMIN,323,1
156,ROLE_ADMIN,324,1
157,ROLE_ADMIN,325,1
102,worthing_admin,326,1
156,peterborough_admin,328,1
155,leicester_admin,329,1
154,kendal_admin,330,1
158,ROLE_ADMIN,331,1
158,maureen,332,1
52,hospitalet_admin,333,1
159,ROLE_ADMIN,334,1
159,rekha,335,1
159,hounslow_admin,336,1
114,gil,337,1
160,ROLE_ADMIN,338,1
160,alphaville_admin,339,1
161,ROLE_ADMIN,340,1
161,aracaju_admin,341,1
162,ROLE_ADMIN,342,1
162,araguari_admin,343,1
163,ROLE_ADMIN,344,1
163,brasilia_admin,345,1
164,ROLE_ADMIN,346,1
164,joerdis,347,1
165,ROLE_ADMIN,348,1
165,wolverhampton_admin,349,1
165,rekha,350,1
166,ROLE_ADMIN,351,1
166,ilford_admin,352,1
166,rekha,353,1
167,ROLE_ADMIN,354,1
167,loughborough_admin,355,1
384,cinnaminson_admin,1213,1
168,ROLE_ADMIN,357,1
169,ROLE_ADMIN,358,1
170,ROLE_ADMIN,359,1
168,belo_horizonte_admin,360,1
169,campinas_admin,361,1
170,copacabana_admin,362,1
168,gil,363,1
171,ROLE_ADMIN,364,1
172,ROLE_ADMIN,365,1
173,ROLE_ADMIN,366,1
174,ROLE_ADMIN,367,1
175,ROLE_ADMIN,368,1
176,ROLE_ADMIN,369,1
177,ROLE_ADMIN,370,1
178,ROLE_ADMIN,371,1
179,ROLE_ADMIN,372,1
180,ROLE_ADMIN,373,1
181,ROLE_ADMIN,374,1
182,ROLE_ADMIN,375,1
183,ROLE_ADMIN,376,1
184,ROLE_ADMIN,377,1
185,ROLE_ADMIN,378,1
186,ROLE_ADMIN,379,1
187,ROLE_ADMIN,380,1
188,ROLE_ADMIN,381,1
171,curitiba_admin,382,1
172,feira_de_santana_admin,383,1
173,florianopolis_admin,384,1
174,florianopolis_admin,385,1
175,guarulhos_admin,386,1
176,laranjeiras_admin,387,1
177,limeira_admin,388,1
178,olinda_admin,389,1
179,ouro_preto_admin,390,1
180,piracicaba_admin,391,1
181,porto_alegre_admin,392,1
182,praca_da_arvore_admin,393,1
184,salvador_admin,394,1
185,sao_leopoldo_admin,395,1
186,sao_paulo_admin,396,1
187,serra_negra_admin,397,1
188,vila_do_atlantico_admin,398,1
160,brasil_admin,399,1
161,brasil_admin,400,1
162,brasil_admin,401,1
168,brasil_admin,402,1
163,brasil_admin,403,1
169,brasil_admin,404,1
171,brasil_admin,405,1
172,brasil_admin,406,1
173,brasil_admin,407,1
174,brasil_admin,408,1
175,brasil_admin,409,1
176,brasil_admin,410,1
177,brasil_admin,411,1
178,brasil_admin,412,1
179,brasil_admin,413,1
180,brasil_admin,414,1
181,brasil_admin,415,1
182,brasil_admin,416,1
184,brasil_admin,417,1
185,brasil_admin,418,1
186,brasil_admin,419,1
187,brasil_admin,420,1
183,brasil_admin,421,1
188,brasil_admin,422,1
170,brasil_admin,423,1
100,gil,424,1
189,ROLE_ADMIN,425,1
190,ROLE_ADMIN,426,1
191,ROLE_ADMIN,427,1
192,ROLE_ADMIN,428,1
189,africa_train,429,1
190,cape_town_admin,430,1
385,edison_admin,1214,1
190,sa_admin,432,1
189,sa_admin,433,1
476,ROLE_ADMIN,1298,1
192,sa_admin,435,1
192,johannesburg_admin,436,1
252,franceMarie-Francoise_admin,1196,1
191,sa_admin,438,1
191,durban_admin,439,1
190,gil,441,1
193,ROLE_ADMIN,442,1
194,ROLE_ADMIN,443,1
195,ROLE_ADMIN,444,1
196,ROLE_ADMIN,445,1
197,ROLE_ADMIN,446,1
198,ROLE_ADMIN,447,1
196,curepipe_centre_admin,448,1
197,diamond_retreat_house_admin,449,1
194,global_peace_house_admin,450,1
193,inner_space_meditation_centre_admin,452,1
198,quatre_bornes_centre_admin,453,1
196,curepipe_admin,454,1
197,DRH_admin,455,1
194,GPH_admin,456,1
193,ISMC_admin,458,1
198,quatre_bornes_admin,459,1
199,PE_admin,462,1
200,soweto_admin,463,1
199,sa_admin,467,1
200,sa_admin,468,1
199,ROLE_ADMIN,460,1
200,ROLE_ADMIN,461,1
201,ROLE_ADMIN,464,1
201,berlin_admin,465,1
201,joerdis,466,1
202,ROLE_ADMIN,469,1
202,sa_admin,470,1
203,ROLE_ADMIN,471,1
203,sa_admin,472,1
204,ROLE_ADMIN,473,1
205,ROLE_ADMIN,474,1
206,ROLE_ADMIN,475,1
207,ROLE_ADMIN,476,1
208,ROLE_ADMIN,477,1
209,ROLE_ADMIN,478,1
209,sa_admin,479,1
196,mauritius_admin,480,1
197,mauritius_admin,481,1
194,mauritius_admin,482,1
195,mauritius_admin,483,1
193,mauritius_admin,484,1
198,mauritius_admin,485,1
196,gil,486,1
210,ROLE_ADMIN,487,1
211,ROLE_ADMIN,488,1
211,joerdis,489,1
212,ROLE_ADMIN,490,1
212,mayooraj,491,1
31,wien_admin,492,1
213,ROLE_ADMIN,493,1
213,brasil_admin,494,1
214,ROLE_ADMIN,495,1
215,ROLE_ADMIN,496,1
216,ROLE_ADMIN,497,1
217,ROLE_ADMIN,498,1
214,miguel_pereira_admin,499,1
215,montes_claros_admin,500,1
216,niteroi_admin,501,1
217,teofilo_otoni_admin,502,1
214,brasil_admin,503,1
215,brasil_admin,504,1
216,brasil_admin,505,1
217,brasil_admin,506,1
83,gil,507,1
218,ROLE_ADMIN,508,1
219,ROLE_ADMIN,509,1
220,ROLE_ADMIN,510,1
221,ROLE_ADMIN,511,1
222,ROLE_ADMIN,512,1
223,ROLE_ADMIN,513,1
224,ROLE_ADMIN,514,1
218,portugal_admin,515,1
219,portugal_admin,516,1
26,portugal_admin,517,1
220,portugal_admin,518,1
221,portugal_admin,519,1
222,portugal_admin,520,1
223,portugal_admin,521,1
224,portugal_admin,522,1
183,tijuca_admin,523,1
225,ROLE_ADMIN,524,1
225,pirituba_admin,525,1
225,brasil_admin,526,1
3,allan,282,1
3,grc_admin,527,1
226,ROLE_ADMIN,528,1
227,ROLE_ADMIN,529,1
228,ROLE_ADMIN,530,1
229,ROLE_ADMIN,531,1
230,ROLE_ADMIN,532,1
231,ROLE_ADMIN,533,1
232,ROLE_ADMIN,534,1
226,israel_admin,535,1
227,israel_admin,536,1
228,israel_admin,537,1
229,israel_admin,538,1
230,israel_admin,539,1
231,israel_admin,540,1
232,israel_admin,541,1
226,gil,542,1
233,ROLE_ADMIN,543,1
233,iceland_admin,544,1
255,franceMarie-Francoise_admin,1197,1
234,ROLE_ADMIN,546,1
234,portugal_admin,547,1
235,ROLE_ADMIN,548,1
235,brasil_admin,549,1
235,pituba_admin,550,1
236,ROLE_ADMIN,551,1
236,swiss_admin,552,1
237,ROLE_ADMIN,553,1
237,swiss_admin,554,1
238,ROLE_ADMIN,555,1
238,swiss_admin,556,1
239,ROLE_ADMIN,557,1
239,swiss_admin,558,1
240,ROLE_ADMIN,559,1
240,swiss_admin,560,1
241,ROLE_ADMIN,561,1
241,swiss_admin,562,1
242,ROLE_ADMIN,563,1
242,swiss_admin,564,1
236,gil,565,1
243,ROLE_ADMIN,566,1
244,ROLE_ADMIN,567,1
245,ROLE_ADMIN,568,1
246,ROLE_ADMIN,569,1
247,ROLE_ADMIN,570,1
248,ROLE_ADMIN,571,1
249,ROLE_ADMIN,572,1
250,ROLE_ADMIN,573,1
251,ROLE_ADMIN,574,1
252,ROLE_ADMIN,575,1
253,ROLE_ADMIN,576,1
254,ROLE_ADMIN,577,1
255,ROLE_ADMIN,578,1
256,ROLE_ADMIN,579,1
257,ROLE_ADMIN,580,1
258,ROLE_ADMIN,581,1
259,ROLE_ADMIN,599,1
260,ROLE_ADMIN,601,1
261,ROLE_ADMIN,603,1
243,france_admin,582,1
244,france_admin,583,1
245,france_admin,584,1
246,france_admin,585,1
247,france_admin,586,1
248,france_admin,587,1
249,france_admin,588,1
250,france_admin,589,1
251,france_admin,590,1
252,france_admin,591,1
253,france_admin,592,1
254,france_admin,593,1
255,france_admin,594,1
256,france_admin,595,1
257,france_admin,596,1
258,france_admin,597,1
109,san_juan_admin,1979,1
259,france_admin,600,1
260,romania_admin,602,1
261,romania_admin,604,1
262,ROLE_ADMIN,605,1
262,finland_admin,606,1
209,inner_light_admin,607,1
203,lh_johannesburg_admin,609,1
202,lh_pe_admin,610,1
263,ROLE_ADMIN,612,1
263,france_admin,613,1
264,ROLE_ADMIN,614,1
264,clapham_admin,615,1
265,ROLE_ADMIN,616,1
265,shanti_sarovar_admin,617,1
265,gil,618,1
264,rekha,619,1
266,ROLE_ADMIN,620,1
31,michaela,621,1
266,michaela,622,1
267,ROLE_ADMIN,623,1
267,serra_cipo_admin,624,1
267,brasil_admin,625,1
268,ROLE_ADMIN,626,1
268,thailand_main_admin,627,1
269,ROLE_ADMIN,628,1
269,pampulha_admin,629,1
269,brasil_admin,630,1
270,ROLE_ADMIN,631,1
270,vinu,632,1
55,isw_admin,633,1
271,ROLE_ADMIN,634,1
272,ROLE_ADMIN,635,1
271,rose_belle_admin,636,1
271,mauritius_admin,637,1
272,mauritius_admin,638,1
272,flacq_admin,639,1
273,ROLE_ADMIN,640,1
273,vinu,641,1
274,ROLE_ADMIN,642,1
274,vinu,643,1
219,beja_admin,1982,1
234,outraslocalidades_admin,1987,1
276,ROLE_ADMIN,646,1
276,vinu,647,1
277,ROLE_ADMIN,648,1
277,vinu,649,1
278,ROLE_ADMIN,650,1
278,vinu,651,1
279,ROLE_ADMIN,652,1
279,vinu,653,1
280,ROLE_ADMIN,654,1
280,vinu,655,1
281,ROLE_ADMIN,656,1
281,vinu,657,1
282,ROLE_ADMIN,658,1
282,vinu,659,1
283,ROLE_ADMIN,660,1
283,vinu,661,1
284,ROLE_ADMIN,662,1
284,vinu,663,1
285,ROLE_ADMIN,664,1
286,ROLE_ADMIN,665,1
286,vinu,666,1
287,ROLE_ADMIN,667,1
287,vinu,668,1
288,ROLE_ADMIN,669,1
288,vinu,670,1
273,adelaide_admin,672,1
274,ashfield_admin,673,1
681,ROLE_ADMIN,2008,1
276,canberra_admin,676,1
277,essendon_admin,678,1
278,fitzroy_admin,679,1
279,fsrc_admin,680,1
280,gold_coast_admin,681,1
281,hobart_admin,682,1
282,lrc_admin,683,1
283,mckinnon_admin,684,1
284,newcastle_aus_admin,685,1
285,vinu,686,1
285,north_balwyn_admin,687,1
287,perth_admin,688,1
286,wrc_admin,689,1
288,wollongong_admin,690,1
289,ROLE_ADMIN,691,1
289,danny,692,1
286,gil,693,1
290,ROLE_ADMIN,694,1
290,allan,696,1
291,ROLE_ADMIN,697,1
291,canterbury_admin,698,1
291,rekha,699,1
292,ROLE_ADMIN,700,1
293,ROLE_ADMIN,701,1
294,ROLE_ADMIN,702,1
294,bologna_admin,703,1
293,milano_admin,704,1
292,roma_admin,705,1
295,ROLE_ADMIN,706,1
295,italy_admin,707,1
294,italy_admin,708,1
293,italy_admin,709,1
292,italy_admin,710,1
297,ROLE_ADMIN,713,1
297,vinu,714,1
297,lpr_admin,715,1
298,ROLE_ADMIN,716,1
298,bpr_admin,717,1
299,ROLE_ADMIN,718,1
299,fpr_admin,719,1
299,vinu,720,1
298,vinu,721,1
298,wpr_admin,722,1
300,ROLE_ADMIN,723,1
300,watford_admin,724,1
300,rekha,725,1
301,ROLE_ADMIN,726,1
302,ROLE_ADMIN,727,1
301,kent_admin,728,1
301,rekha,729,1
302,stanmore_admin,730,1
302,rekha,731,1
303,ROLE_ADMIN,732,1
303,canela_admin,734,1
303,brasil_admin,735,1
304,ROLE_ADMIN,736,1
304,bangkok_admin,737,1
304,thailand_main_admin,738,1
304,gil,739,1
305,ROLE_ADMIN,740,1
306,ROLE_ADMIN,741,1
307,ROLE_ADMIN,742,1
308,ROLE_ADMIN,743,1
305,bournemouth_admin,744,1
305,rekha,745,1
308,miltonkeynes_admin,746,1
308,rekha,747,1
307,exeter_admin,748,1
307,rekha,749,1
306,taunton_admin,750,1
306,rekha,751,1
309,ROLE_ADMIN,752,1
245,grenoble_admin,753,1
310,ROLE_ADMIN,754,1
310,winchester_admin,755,1
310,rekha,756,1
268,thailand_admin,757,1
304,thailand_admin,758,1
311,ROLE_ADMIN,759,1
464,castellana_admin,1271,1
311,rekha,761,1
312,ROLE_ADMIN,762,1
313,ROLE_ADMIN,763,1
313,jf_admin,764,1
102,gil,765,1
314,ROLE_ADMIN,766,1
477,ROLE_ADMIN,1301,1
316,ROLE_ADMIN,768,1
317,ROLE_ADMIN,769,1
318,ROLE_ADMIN,770,1
319,ROLE_ADMIN,771,1
320,ROLE_ADMIN,772,1
321,ROLE_ADMIN,773,1
322,ROLE_ADMIN,774,1
323,ROLE_ADMIN,775,1
320,orpington_admin,776,1
320,rekha,777,1
477,kuantan_admin,1302,1
319,rekha,779,1
319,newington_admin,780,1
322,maidstone_admin,781,1
322,rekha,782,1
321,gillingham_admin,783,1
321,rekha,784,1
318,bromleysouth_admin,785,1
318,rekha,786,1
312,rochester_admin,787,1
312,rekha,788,1
324,ROLE_ADMIN,789,1
325,ROLE_ADMIN,790,1
325,oregon_admin,791,1
324,oregon_admin,792,1
235,salvador_admin,793,1
172,salvador_admin,794,1
311,ballinasloe_admin,795,1
326,ROLE_ADMIN,796,1
327,ROLE_ADMIN,797,1
328,ROLE_ADMIN,798,1
329,ROLE_ADMIN,799,1
330,ROLE_ADMIN,800,1
331,ROLE_ADMIN,801,1
332,ROLE_ADMIN,802,1
333,ROLE_ADMIN,803,1
328,rekha,804,1
328,carlow_admin,805,1
329,rekha,806,1
329,castlebar_admin,807,1
333,rekha,808,1
333,dublin_admin,809,1
116,gil,810,1
334,ROLE_ADMIN,811,1
335,ROLE_ADMIN,812,1
336,ROLE_ADMIN,813,1
337,ROLE_ADMIN,814,1
338,ROLE_ADMIN,815,1
339,ROLE_ADMIN,816,1
340,ROLE_ADMIN,817,1
341,ROLE_ADMIN,818,1
342,ROLE_ADMIN,819,1
334,san_francisco_admin,820,1
335,fresno_admin,821,1
336,livermore_admin,822,1
337,los_angeles_admin,823,1
338,milpitas_admin,824,1
339,sacramento_admin,825,1
340,seal_beach_admin,826,1
341,toronto_admin,827,1
342,vancouver_admin,828,1
465,ROLE_ADMIN,1272,1
465,prison_admin,1273,1
477,sanath,1303,1
506,cambodia_admin,1390,1
506,phnom_penh_admin,1391,1
507,cambodia_admin,1392,1
507,siem_reap_admin,1393,1
506,gil,1394,1
153,bangsar_admin,1436,1
449,samora_admin,1446,1
523,ROLE_ADMIN,1453,1
524,ROLE_ADMIN,1454,1
525,ROLE_ADMIN,1455,1
526,ROLE_ADMIN,1456,1
527,ROLE_ADMIN,1457,1
528,ROLE_ADMIN,1458,1
533,ROLE_ADMIN,1467,1
534,ROLE_ADMIN,1470,1
540,ROLE_ADMIN,1488,1
541,ROLE_ADMIN,1489,1
289,brussels_admin,1498,1
544,ROLE_ADMIN,1502,1
544,trobogy_admin,1503,1
544,brasil_admin,1504,1
545,france_retreats,1511,1
254,franceMarie-Francoise_admin,1198,1
183,brasil_admin2,1535,1
547,ROLE_ADMIN,1557,1
547,sasha,1558,1
547,jasu.ladva,1559,1
547,kim.lewis,1560,1
547,harsha.kanabar,1561,1
236,rekha,1564,1
259,rekha,1566,1
550,environment_admin,1576,1
256,franceMarie-Francoise_admin,1199,1
257,franceMarie-Francoise_admin,1200,1
258,franceMarie-Francoise_admin,1201,1
439,ROLE_ADMIN,1202,1
439,peace_village_admin,1203,1
439,gil,1204,1
440,ROLE_ADMIN,1205,1
440,madhuban_retreats_admin,1206,1
441,ROLE_ADMIN,1207,1
441,france_admin,1208,1
252,franceChristian_admin,1209,1
253,franceChristian_admin,1210,1
254,franceChristian_admin,1211,1
55,allan,1212,1
442,ROLE_ADMIN,1215,1
442,rekha,1216,1
493,ROLE_ADMIN,1348,1
443,ROLE_ADMIN,1218,1
443,india_admin,1219,1
443,rekha,1220,1
444,ROLE_ADMIN,1221,1
444,newport_admin,1222,1
444,rekha,1223,1
445,ROLE_ADMIN,1224,1
493,philippines_admin,1349,1
445,gil,1226,1
445,sam_admin,1227,1
360,se_admin,1228,1
446,ROLE_ADMIN,1229,1
446,allan,1230,1
446,iscam_admin,1231,1
447,ROLE_ADMIN,1232,1
447,ischelm_admin,1233,1
290,iso_admin,1234,1
448,ROLE_ADMIN,1235,1
449,ROLE_ADMIN,1236,1
448,portugal_admin,1237,1
449,portugal_admin,1238,1
450,ROLE_ADMIN,1239,1
450,greece_admin,1240,1
100,allan,1241,1
451,ROLE_ADMIN,1242,1
451,greece_admin,1243,1
452,ROLE_ADMIN,1244,1
453,ROLE_ADMIN,1245,1
454,ROLE_ADMIN,1246,1
455,ROLE_ADMIN,1247,1
456,ROLE_ADMIN,1248,1
457,ROLE_ADMIN,1249,1
458,ROLE_ADMIN,1250,1
452,greece_admin,1251,1
453,greece_admin,1252,1
459,ROLE_ADMIN,1253,1
460,ROLE_ADMIN,1254,1
461,ROLE_ADMIN,1255,1
462,ROLE_ADMIN,1256,1
462,greece_admin,1257,1
461,greece_admin,1258,1
454,greece_admin,1259,1
455,greece_admin,1260,1
456,greece_admin,1261,1
450,gil,1262,1
460,greece_admin,1263,1
450,greece_thoughts_admin,1264,1
441,franceMarie-Francoise_admin,1265,1
463,ROLE_ADMIN,1266,1
463,caracas_admin,1267,1
463,gil,1268,1
464,ROLE_ADMIN,1269,1
464,colombia_admin,1270,1
493,manilla_nco_admin,1350,1
493,gil,1351,1
495,philippines_admin,1356,1
496,ROLE_ADMIN,1359,1
499,ROLE_ADMIN,1368,1
499,cebu_admin,1369,1
506,ROLE_ADMIN,1388,1
507,ROLE_ADMIN,1389,1
508,ROLE_ADMIN,1395,1
509,tokyo_admin,1401,1
510,ROLE_ADMIN,1402,1
515,indonesia_admin,1419,1
515,jakarta_admin,1420,1
343,ROLE_ADMIN,829,1
344,ROLE_ADMIN,830,1
345,ROLE_ADMIN,831,1
466,ROLE_ADMIN,1274,1
480,ROLE_ADMIN,1310,1
481,port_dickson_admin,1314,1
481,sanath,1315,1
482,ROLE_ADMIN,1316,1
483,ROLE_ADMIN,1319,1
488,wellington_nco_admin,1334,1
488,nz_admin,1335,1
488,gil,1336,1
491,ROLE_ADMIN,1342,1
492,dunedin_admin,1346,1
492,nz_admin,1347,1
508,gil,1396,1
508,japan_admin,1397,1
508,kobe_nco_admin,1398,1
509,japan_admin,1400,1
511,ROLE_ADMIN,1405,1
512,ROLE_ADMIN,1408,1
513,ROLE_ADMIN,1411,1
514,ROLE_ADMIN,1414,1
26,lisboa_admin,1440,1
234,lisboa_admin,1447,1
234,samora_admin,1448,1
522,maputo_admin,1450,1
234,faro_admin,1452,1
529,ROLE_ADMIN,1459,1
530,ROLE_ADMIN,1460,1
534,kennedy_admin,1471,1
534,colombia_admin,1472,1
538,ROLE_ADMIN,1483,1
540,araraquara_admin,1490,1
540,brasil_admin,1491,1
541,novo_hamburgo_admin,1492,1
541,brasil_admin,1493,1
545,ROLE_ADMIN,1505,1
373,belgrano_admin,1513,1
180,brasil_admin2,1546,1
160,brasil_admin2,1548,1
225,brasil_admin2,1549,1
182,brasil_admin2,1550,1
186,brasil_admin2,1551,1
354,brasil_admin2,1552,1
546,brasil_mailing_admin,1556,1
59,rekha,1565,1
516,indonesia_admin,1423,1
517,indonesia_admin,1425,1
517,ubud_admin,1426,1
518,ROLE_ADMIN,1427,1
518,indonesia_admin,1428,1
518,surabaya_admin,1429,1
519,ROLE_ADMIN,1430,1
519,gianyar_admin,1432,1
520,indonesia_admin,1434,1
520,singaraja_admin,1435,1
521,philippines_admin,1438,1
521,legaspi_city,1439,1
448,samora_admin,1445,1
532,cedritos_admin,1465,1
532,colombia_admin,1466,1
440,gil,1508,1
440,rekha,1509,1
440,madhuban_retreats_admin2,1510,1
213,brasil_admin1,1518,1
163,brasil_admin1,1520,1
366,brasil_admin1,1521,1
269,brasil_admin1,1524,1
217,brasil_admin1,1528,1
178,brasil_admin1,1529,1
171,brasil_admin1,1530,1
547,maithili.shetty,1563,1
550,ROLE_ADMIN,1575,1
251,franceMarie-Francoise_admin,1194,1
353,franceMarie-Francoise_admin,1195,1
470,butterworth_admin,1284,1
471,sanath,1287,1
471,cheras_admin,1288,1
473,sanath,1290,1
473,ipoh_admin,1291,1
474,sanath,1293,1
474,ipoh_bendahara_admin,1294,1
475,sanath,1296,1
475,johor_bahru_admin,1297,1
476,klang_admin,1299,1
476,sanath,1300,1
478,ROLE_ADMIN,1304,1
478,nibong_tebal_admin,1305,1
495,ROLE_ADMIN,1355,1
539,spain_admin,1487,1
496,philippines_admin,1361,1
497,ROLE_ADMIN,1362,1
497,philippines_admin,1364,1
498,ROLE_ADMIN,1365,1
498,naga_admin,1366,1
500,ROLE_ADMIN,1371,1
500,philippines_admin,1372,1
500,davao_city,1373,1
501,ROLE_ADMIN,1374,1
503,singapore_admin,1380,1
505,ROLE_ADMIN,1385,1
514,indonesia_admin,1417,1
515,ROLE_ADMIN,1418,1
516,ROLE_ADMIN,1421,1
516,denpasar_admin,1422,1
220,faro_admin,1443,1
219,faro_admin,1444,1
532,ROLE_ADMIN,1464,1
533,chapinero_admin,1468,1
533,colombia_admin,1469,1
538,la_paz_admin,1484,1
538,gil,1485,1
539,ROLE_ADMIN,1486,1
545,franceDominique_admin,1507,1
235,brasil_admin1,1516,1
168,brasil_admin1,1523,1
303,brasil_admin2,1536,1
346,ROLE_ADMIN,832,1
347,ROLE_ADMIN,833,1
348,ROLE_ADMIN,834,1
349,ROLE_ADMIN,835,1
350,ROLE_ADMIN,836,1
343,brampton_admin,837,1
344,calgary_admin,838,1
466,bahau_admin,1275,1
346,edmonton_admin,840,1
347,ganiteau_admin,841,1
348,halifax_admin,842,1
349,montreal_admin,843,1
350,quebec_admin,844,1
466,sanath,1276,1
472,ROLE_ADMIN,1286,1
478,sanath,1306,1
479,penang_admin,1308,1
479,sanath,1309,1
480,petaling_jaya_admin,1311,1
480,sanath,1312,1
481,ROLE_ADMIN,1313,1
482,sentul_admin,1317,1
482,sanath,1318,1
483,seremban_admin,1320,1
483,sanath,1321,1
484,ROLE_ADMIN,1322,1
485,ROLE_ADMIN,1325,1
486,ulaanbaatar_admin,1329,1
486,gil,1330,1
487,ROLE_ADMIN,1331,1
489,nz_admin,1337,1
489,wellington_is,1338,1
499,philippines_admin,1370,1
503,ROLE_ADMIN,1379,1
509,ROLE_ADMIN,1399,1
510,japan_admin,1403,1
510,hiroshima_admin,1404,1
511,japan_admin,1406,1
511,tokyo_ph_admin,1407,1
512,tokyo_bt_admin,1409,1
512,japan_admin,1410,1
513,japan_admin,1412,1
513,yokohama_admin,1413,1
222,lisboa_admin,1441,1
522,ROLE_ADMIN,1449,1
522,gil,1451,1
541,brasil_admin2,1537,1
181,brasil_admin2,1538,1
531,ROLE_ADMIN,1461,1
531,nz_admin,1462,1
535,ROLE_ADMIN,1473,1
536,ROLE_ADMIN,1474,1
537,ROLE_ADMIN,1475,1
542,ROLE_ADMIN,1494,1
543,ROLE_ADMIN,1495,1
543,antwerp_admin,1496,1
543,danny,1497,1
542,kortrijk_admin,1499,1
542,danny,1500,1
289,gil,1501,1
172,brasil_admin1,1514,1
188,brasil_admin1,1517,1
174,brasil_admin1,1519,1
215,brasil_admin1,1525,1
179,brasil_admin1,1526,1
267,brasil_admin1,1527,1
214,brasil_admin1,1531,1
170,brasil_admin2,1533,1
176,brasil_admin2,1534,1
546,ROLE_ADMIN,1553,1
548,ROLE_ADMIN,1567,1
548,katowice_admin,1568,1
548,warsaw_admin,1569,1
185,brasil_admin2,1539,1
173,brasil_admin2,1540,1
161,brasil_admin2,1541,1
169,brasil_admin2,1543,1
175,brasil_admin2,1544,1
187,brasil_admin2,1547,1
95,warsaw_admin,1562,1
549,ROLE_ADMIN,1571,1
549,se_argentina,1572,1
379,se_argentina,1574,1
429,quillota_admin,1084,1
429,emiliano,1085,1
233,allan,1086,1
430,ROLE_ADMIN,1087,1
431,ROLE_ADMIN,1089,1
431,panama_admin,1090,1
431,gil,1091,1
430,lidia,1092,1
31,lidia,1093,1
266,lidia,1094,1
362,franceOlivier_admin,1095,1
244,franceOlivier_admin,1096,1
357,franceOlivier_admin,1097,1
263,franceOlivier_admin,1098,1
259,franceOlivier_admin,1099,1
245,franceOlivier_admin,1100,1
246,franceOlivier_admin,1101,1
247,franceOlivier_admin,1102,1
248,franceOlivier_admin,1103,1
249,franceOlivier_admin,1104,1
250,franceOlivier_admin,1105,1
251,franceOlivier_admin,1106,1
353,franceOlivier_admin,1107,1
252,franceOlivier_admin,1108,1
253,franceOlivier_admin,1109,1
254,franceOlivier_admin,1110,1
255,franceOlivier_admin,1111,1
257,franceOlivier_admin,1112,1
258,franceOlivier_admin,1113,1
360,special_event_admin,1114,1
432,ROLE_ADMIN,1115,1
432,france_admin,1116,1
432,franceOlivier_admin,1117,1
433,ROLE_ADMIN,1118,1
433,kenya_admin,1119,1
345,drummondville_admin,845,1
325,allan,846,1
335,allan,847,1
336,allan,848,1
334,allan,849,1
341,allan,850,1
324,gil,851,1
337,allan,852,1
292,gil,853,1
351,ROLE_ADMIN,854,1
351,rekha,856,1
467,ROLE_ADMIN,1277,1
468,ROLE_ADMIN,1278,1
469,ROLE_ADMIN,1279,1
469,banting_admin,1280,1
311,ireland_admin,861,1
328,ireland_admin,862,1
329,ireland_admin,863,1
333,ireland_admin,864,1
352,ROLE_ADMIN,865,1
352,rekha,867,1
313,rekha,868,1
353,ROLE_ADMIN,869,1
353,france_admin,870,1
261,rekha,871,1
354,ROLE_ADMIN,872,1
354,brasil_admin,873,1
354,palmas_admin,874,1
355,ROLE_ADMIN,875,1
355,portugal_admin,876,1
355,samora_admin,877,1
356,ROLE_ADMIN,878,1
356,seoul_admin,879,1
356,gil,880,1
357,ROLE_ADMIN,881,1
357,france_admin,882,1
358,ROLE_ADMIN,883,1
358,busan_admin,884,1
358,korea_admin,885,1
356,korea_admin,886,1
167,rekha,356,1
167,allan,887,1
359,ROLE_ADMIN,888,1
359,finchley_admin,889,1
359,rekha,890,1
360,ROLE_ADMIN,891,1
360,vasanti,892,1
360,awakening_admin,893,1
360,gil,894,1
313,allan,895,1
361,ROLE_ADMIN,896,1
353,nice_admin,897,1
362,ROLE_ADMIN,898,1
362,france_admin,899,1
362,bayonne_admin,900,1
363,ROLE_ADMIN,901,1
364,ROLE_ADMIN,902,1
365,ROLE_ADMIN,903,1
363,ghh_admin,904,1
364,qmc_admin,905,1
365,mcg_admin,906,1
174,fortaleza_admin,907,1
366,ROLE_ADMIN,908,1
469,sanath,1281,1
366,brasil_admin,909,1
366,serra_negra_admin,910,1
367,ROLE_ADMIN,911,1
367,stockholm_admin,912,1
368,ROLE_ADMIN,913,1
368,oslo_admin,914,1
368,gil,915,1
470,sanath,1283,1
369,ROLE_ADMIN,917,1
369,emiliano,918,1
370,ROLE_ADMIN,919,1
370,emiliano,920,1
371,ROLE_ADMIN,921,1
372,ROLE_ADMIN,922,1
371,emiliano,923,1
372,emiliano,924,1
373,ROLE_ADMIN,925,1
374,ROLE_ADMIN,926,1
375,ROLE_ADMIN,927,1
376,ROLE_ADMIN,928,1
377,ROLE_ADMIN,929,1
378,ROLE_ADMIN,930,1
374,emiliano,931,1
375,emiliano,932,1
376,emiliano,933,1
373,emiliano,934,1
378,emiliano,935,1
377,emiliano,936,1
434,ROLE_ADMIN,1120,1
374,liniers_admin,938,1
375,lomas_admin,939,1
376,mardelplata_admin,940,1
378,santafe_admin,941,1
377,villaelisa_admin,942,1
379,ROLE_ADMIN,943,1
379,emiliano,944,1
379,laplata_admin,945,1
370,centrocivico_admin,946,1
714,ROLE_ADMIN,2146,1
369,pocuro_admin,948,1
372,vinadelmar_admin,949,1
380,ROLE_ADMIN,950,1
380,miami_admin,951,1
381,ROLE_ADMIN,952,1
381,margate_admin,953,1
382,ROLE_ADMIN,954,1
382,orlando_admin,955,1
383,ROLE_ADMIN,956,1
383,boston_admin,957,1
384,ROLE_ADMIN,958,1
385,ROLE_ADMIN,959,1
384,jersey_admin,960,1
385,jersey_admin,961,1
386,ROLE_ADMIN,962,1
387,ROLE_ADMIN,963,1
714,blacktown_admin,2147,1
386,tampa_admin,965,1
388,ROLE_ADMIN,966,1
470,ROLE_ADMIN,1282,1
471,ROLE_ADMIN,1285,1
473,ROLE_ADMIN,1289,1
474,ROLE_ADMIN,1292,1
475,ROLE_ADMIN,1295,1
479,ROLE_ADMIN,1307,1
484,kota_kinabalu_admin,1323,1
484,sanath,1324,1
485,kuching_admin,1326,1
485,sanath,1327,1
486,ROLE_ADMIN,1328,1
488,ROLE_ADMIN,1332,1
489,ROLE_ADMIN,1333,1
490,ROLE_ADMIN,1339,1
490,auckland_admin,1340,1
490,nz_admin,1341,1
491,nz_admin,1343,1
491,christchurch_admin,1344,1
492,ROLE_ADMIN,1345,1
494,ROLE_ADMIN,1352,1
494,philippines_admin,1353,1
494,tagatay_admin,1354,1
495,manila_admin,1357,1
496,quezon_admin,1360,1
497,baguio_admin,1363,1
498,philippines_admin,1367,1
501,singapore_nco_admin,1375,1
501,singapore_admin,1376,1
501,gil,1377,1
502,ROLE_ADMIN,1378,1
503,singapore_clementi_admin,1381,1
504,ROLE_ADMIN,1382,1
504,singapore_yoga_admin,1383,1
504,singapore_admin,1384,1
505,singapore_admin,1386,1
505,singapore_yoga_centre_admin,1387,1
514,gil,1415,1
514,jakarta_nco_admin,1416,1
517,ROLE_ADMIN,1424,1
519,indonesia_admin,1431,1
520,ROLE_ADMIN,1433,1
521,ROLE_ADMIN,1437,1
223,lisboa_admin,1442,1
531,rotorua_admin,1463,1
535,budapest_admin,1476,1
535,hungary_admin,1477,1
536,debrecen_admin,1478,1
536,hungary_admin,1479,1
537,hungary_admin,1480,1
537,gil,1482,1
545,franceChristian_admin,1506,1
184,brasil_admin1,1515,1
162,brasil_admin1,1522,1
216,brasil_admin1,1532,1
540,brasil_admin2,1542,1
177,brasil_admin2,1545,1
546,brasil_admin1,1554,1
546,brasil_admin2,1555,1
252,franceRani_admin,1570,1
434,ghana_admin,1121,1
434,gil,1122,1
433,gil,1123,1
435,ROLE_ADMIN,1124,1
435,ecuador_admin,1125,1
436,ROLE_ADMIN,1126,1
436,ecuador_admin,1127,1
435,gil,1128,1
243,franceCorinne_admin,1129,1
362,franceCorinne_admin,1130,1
244,franceCorinne_admin,1131,1
357,franceCorinne_admin,1132,1
263,franceCorinne_admin,1133,1
259,franceCorinne_admin,1134,1
245,franceCorinne_admin,1135,1
246,franceCorinne_admin,1136,1
247,franceCorinne_admin,1137,1
248,franceCorinne_admin,1138,1
432,franceCorinne_admin,1139,1
249,franceCorinne_admin,1140,1
250,franceCorinne_admin,1141,1
251,franceCorinne_admin,1142,1
353,franceCorinne_admin,1143,1
252,franceCorinne_admin,1144,1
253,franceCorinne_admin,1145,1
254,franceCorinne_admin,1146,1
255,franceCorinne_admin,1147,1
256,franceCorinne_admin,1148,1
257,franceCorinne_admin,1149,1
258,franceCorinne_admin,1150,1
427,emiliano,1151,1
35,emiliano,1152,30
437,ROLE_ADMIN,1153,1
438,ROLE_ADMIN,1155,1
438,guatemala_admin,1156,1
438,gil,1157,1
253,franceMarie-Francoise_admin,1158,1
243,franceDominique_admin,1159,1
362,franceDominique_admin,1160,1
244,franceDominique_admin,1161,1
357,franceDidier_admin,1162,1
263,franceDominique_admin,1163,1
259,franceDominique_admin,1164,1
245,franceDominique_admin,1165,1
246,franceDominique_admin,1166,1
247,franceDominique_admin,1167,1
248,franceDominique_admin,1168,1
432,franceDominique_admin,1169,1
249,franceDominique_admin,1170,1
250,franceDominique_admin,1171,1
251,franceDominique_admin,1172,1
353,franceDominique_admin,1173,1
252,franceDominique_admin,1174,1
388,chicago_admin,967,1
389,ROLE_ADMIN,968,1
390,ROLE_ADMIN,969,1
354,gil_se,1980,1
390,hollywood_admin,971,1
221,porto_admin,1983,1
222,seixal_admin,1984,1
391,ROLE_ADMIN,974,1
391,delray_admin,975,1
449,covilha_admin,1985,1
223,stapolonia_admin,1986,1
392,ROLE_ADMIN,978,1
393,ROLE_ADMIN,979,1
394,ROLE_ADMIN,980,1
253,franceDominique_admin,1175,1
393,boston_admin,982,1
394,boston_admin,983,1
392,boston_admin,984,1
395,ROLE_ADMIN,985,1
396,ROLE_ADMIN,986,1
396,chicago_admin,987,1
395,chicago_admin,988,1
397,ROLE_ADMIN,989,1
397,iyf_admin,990,1
397,gil,991,1
243,franceOlivier_admin,992,1
398,ROLE_ADMIN,993,1
398,mexico_city_admin,994,1
258,franceFrancois_admin,995,1
362,franceFrancois_admin,996,1
244,franceFrancois_admin,997,1
246,franceFrancois_admin,998,1
251,franceFrancois_admin,999,1
263,franceIsabelle_admin,1000,1
263,franceJoachim_admin,1001,1
243,franceDidier_admin,1002,1
248,franceDidier_admin,1003,1
249,franceDidier_admin,1004,1
250,franceDidier_admin,1005,1
353,franceDidier_admin,1006,1
255,franceDidier_admin,1007,1
257,franceDidier_admin,1008,1
399,ROLE_ADMIN,1009,1
400,ROLE_ADMIN,1010,1
401,ROLE_ADMIN,1011,1
402,ROLE_ADMIN,1012,1
403,ROLE_ADMIN,1013,1
404,ROLE_ADMIN,1014,1
405,ROLE_ADMIN,1015,1
406,ROLE_ADMIN,1016,1
407,ROLE_ADMIN,1017,1
399,emiliano,1018,1
399,mexico_admin,1019,1
399,cuernavaca_admin,1020,1
400,emiliano,1021,1
400,mexico_admin,1022,1
400,merida_admin,1023,1
407,emiliano,1024,1
407,mexico_admin,1025,1
407,mcity_admin,1026,1
398,emiliano,1027,1
398,mexico_admin,1028,1
398,mcitydf_admin,1029,1
401,emiliano,1030,1
401,mexico_admin,1031,1
401,monterrey_admin,1032,1
402,emiliano,1033,1
402,mexico_admin,1034,1
402,tuxtla_admin,1035,1
681,armenia_admin,2009,1
682,ROLE_ADMIN,2010,1
682,azerbaijan_admin,2011,1
680,moscow_admin,2018,1
681,moscow_admin,2019,1
413,ROLE_ADMIN,1041,1
414,ROLE_ADMIN,1042,1
683,moscow_admin,2021,1
684,moscow_admin,2022,1
417,ROLE_ADMIN,1045,1
666,eugene,2024,1
666,gil.fernandes,2025,1
325,eugene,2026,1
325,gil.fernandes,2027,1
688,ROLE_ADMIN,2037,1
413,colombia_admin,1051,1
414,colombia_admin,1052,1
177,gil_brasil,2046,1
692,ROLE_ADMIN,2054,1
551,ROLE_ADMIN,1577,1
692,bilbao_admin,2055,1
418,ROLE_ADMIN,1057,1
419,ROLE_ADMIN,1058,1
420,ROLE_ADMIN,1059,1
421,ROLE_ADMIN,1060,1
421,montevideo_admin,1061,1
421,gil,1062,1
422,ROLE_ADMIN,1063,1
423,ROLE_ADMIN,1064,1
424,ROLE_ADMIN,1065,1
425,ROLE_ADMIN,1066,1
425,vinu,1067,1
424,vinu,1068,1
423,vinu,1069,1
254,franceDominique_admin,1176,1
422,vinu,1070,1
422,sydneyeast_admin,1071,1
423,sydneynorth_admin,1072,1
425,sydneywest_admin,1074,1
157,southall_admin,1075,1
426,ROLE_ADMIN,1076,1
426,paraguay_admin,1077,1
427,ROLE_ADMIN,1078,1
427,el_salvador_admin,1079,1
428,ROLE_ADMIN,1080,1
428,costa_rica_admin,1081,1
367,allan,1082,1
367,gil,916,0
429,ROLE_ADMIN,1083,1
3,gil_grc,1612,1
551,joerdis_nl,1578,1
290,rekha,1579,1
552,ROLE_ADMIN,1580,1
553,ROLE_ADMIN,1581,1
554,ROLE_ADMIN,1582,1
555,ROLE_ADMIN,1583,1
377,ituzaingo_admin,1584,1
553,lujan_admin,1585,1
553,emiliano,1586,1
334,gil_pv,1981,1
554,emiliano,1588,1
556,ROLE_ADMIN,1589,1
557,ROLE_ADMIN,1590,1
558,ROLE_ADMIN,1591,1
559,ROLE_ADMIN,1592,1
560,ROLE_ADMIN,1593,1
561,ROLE_ADMIN,1594,1
562,ROLE_ADMIN,1595,1
563,ROLE_ADMIN,1596,1
581,allan,1988,1
557,colombia_admin,1598,1
557,antiguo_country,1599,1
560,colombia_admin,1600,1
560,cartagena_admin,1601,1
562,risaralda_admin,1602,1
562,colombia_admin,1603,1
417,colombia_admin,1055,1
417,tunja_admin,1604,1
683,ROLE_ADMIN,2012,1
683,estonia_admin,2013,1
439,gil_pv,1607,1
565,ROLE_ADMIN,1608,1
565,franceMelun_admin,1609,1
565,france_admin,1610,1
565,gil,1611,1
45,girona_admin,1613,30
566,ROLE_ADMIN,1614,1
566,demo_admin,1615,1
567,ROLE_ADMIN,1616,1
567,vila_mariana_admin,1617,1
567,brasil_admin,1618,1
290,gil_se,1619,1
360,gil_se,1620,1
2,gil_se,1621,1
568,ROLE_ADMIN,1622,1
568,subog_admin,1623,1
568,colombia_admin,1624,1
413,cali_vale_admin,1625,1
682,moscow_admin,2020,1
226,gil_israel,2028,1
570,ROLE_ADMIN,1628,1
570,colombia_admin,1629,1
570,medellin_admin,1630,1
383,gil_watertown,1631,1
571,ROLE_ADMIN,1632,1
571,franceChartres_admin,1633,1
571,france_admin,1634,1
253,gil_france,1635,1
571,gil_france,1636,1
391,florida_admin,1637,1
381,florida_admin,1638,1
380,florida_admin,1639,1
386,florida_admin,1640,1
227,gil_israel,2029,1
243,gil_france,1642,1
85,bremen_admin,1643,1
121,dresden_admin,1644,1
89,essen_admin,1645,1
93,frankfurt_admin,1646,1
164,freiburg_admin,1647,1
84,hamburg_admin,1648,1
91,hannover_admin,1649,1
90,kiel_admin,1650,1
128,koeln_admin,1651,1
87,leipzig_admin,1652,1
211,luebeck_admin,1653,1
92,muenchen_admin,1654,1
129,regensburg_admin,1655,1
123,rostock_admin,1656,1
127,schwerin_admin,1657,1
88,stuttgart_admin,1658,1
130,wiesbaden_admin,1659,1
100,gil.fernandes,2040,1
373,gil_argentina,1661,1
572,ROLE_ADMIN,1662,1
573,ROLE_ADMIN,1663,1
573,bk_malaysia,1664,1
574,ROLE_ADMIN,1665,1
574,swansea_admin,1666,1
554,tandil_admin,1667,1
31,joerdis,1668,1
630,hertfordshire_admin,2047,1
255,franceDominique_admin,1177,1
256,franceDominique_admin,1178,1
257,franceDominique_admin,1179,1
258,franceDominique_admin,1180,1
243,franceMarie-Francoise_admin,1181,1
362,franceMarie-Francoise_admin,1182,1
244,franceMarie-Francoise_admin,1183,1
357,franceMarie-Francoise_admin,1184,1
263,franceMarie-Francoise_admin,1185,1
259,franceMarie-Francoise_admin,1186,1
245,franceMarie-Francoise_admin,1187,1
246,franceMarie-Francoise_admin,1188,1
247,franceMarie-Francoise_admin,1189,1
248,franceMarie-Francoise_admin,1190,1
432,franceMarie-Francoise_admin,1191,1
249,franceMarie-Francoise_admin,1192,1
250,franceMarie-Francoise_admin,1193,1
360,lisa,2056,1
694,ROLE_ADMIN,2066,1
575,ROLE_ADMIN,1673,1
576,ROLE_ADMIN,1674,1
694,avignon_admin,2067,1
575,gil_grc,1676,1
575,demo_user,1677,1
577,ROLE_ADMIN,1678,1
577,awakening_team,1679,1
578,ROLE_ADMIN,1680,1
578,washington_dc_admin,1681,1
578,gil_watertown,1682,1
674,ROLE_ADMIN,1989,1
289,gil_france,1684,1
367,gil_se,1685,1
390,miami_admin,1686,1
579,ROLE_ADMIN,1687,1
579,harrow_admin,1688,1
371,concepcion_admin,1689,1
290,gil_grc,1690,1
390,florida_admin,1691,1
58,gil_pv,1692,1
433,gil_pv,1693,1
580,ROLE_ADMIN,1694,1
580,iceland_admin,1695,1
440,gil_se,1696,1
95,darek,1697,1
548,darek,1698,1
548,tomek,1699,1
96,jacek,1700,1
96,tomek,1701,1
97,darek,1702,1
97,tomek,1703,1
221,faro_admin,1704,1
581,ROLE_ADMIN,1705,1
581,americas_it_admin,1706,1
674,almeria_admin,1990,1
674,spain_admin,1991,1
582,ROLE_ADMIN,1709,1
583,ROLE_ADMIN,1710,1
584,ROLE_ADMIN,1711,1
585,ROLE_ADMIN,1712,1
586,ROLE_ADMIN,1713,1
587,ROLE_ADMIN,1714,1
588,ROLE_ADMIN,1715,1
589,ROLE_ADMIN,1716,1
590,ROLE_ADMIN,1717,1
591,ROLE_ADMIN,1718,1
592,ROLE_ADMIN,1719,1
593,ROLE_ADMIN,1720,1
594,ROLE_ADMIN,1721,1
595,ROLE_ADMIN,1722,1
596,ROLE_ADMIN,1723,1
597,ROLE_ADMIN,1724,1
685,moscow_admin,2023,1
599,ROLE_ADMIN,1726,1
582,Trinidad_admin,1727,1
583,georgetown _admin,1728,1
584,paramaribo_admin,1729,1
585,santo_domingo_admin,1730,1
586,willemstad_admin,1731,1
587,bonaire_admin,1732,1
588,st_michael_admin,1733,1
592,st_lucia_admin,1734,1
593,antigua_admin,1735,1
597,st_kitts_admin,1736,1
599,st_maarten_admin,1737,1
589,kingston_admin,1738,1
590,montego_bay_admin,1739,1
591,grenada_admin,1740,1
397,gil_se,1741,1
600,ROLE_ADMIN,1742,1
601,ROLE_ADMIN,1743,1
602,ROLE_ADMIN,1744,1
603,ROLE_ADMIN,1745,1
604,ROLE_ADMIN,1746,1
605,ROLE_ADMIN,1747,1
606,ROLE_ADMIN,1748,1
607,ROLE_ADMIN,1749,1
603,chaguanas_admin,1750,1
605,port_of_spain_admin,1751,1
604,san_fernando_admin,1752,1
606,sangre_grande_admin,1753,1
607,st_augustine_admin,1754,1
602,tobago_admin,1755,1
608,ROLE_ADMIN,1756,1
608,oranjestad_admin,1757,1
2,gil_caribean,1758,6
605,gil_caribean,1759,1
603,gil_caribean,1760,1
604,gil_caribean,1761,1
584,gil_caribean,1762,1
589,gil_caribean,1763,1
590,gil_caribean,1764,1
591,gil_caribean,1765,1
585,gil_caribean,1766,1
583,gil_caribean,1767,1
587,gil_caribean,1768,1
588,gil_caribean,1769,1
593,gil_caribean,1770,1
599,gil_caribean,1771,1
575,gil_caribean,1772,1
586,gil_caribean,1773,1
606,gil_caribean,1774,1
607,gil_caribean,1775,1
602,gil_caribean,1776,1
602,Trinidad_admin,1777,1
603,Trinidad_admin,1778,1
605,Trinidad_admin,1779,1
604,Trinidad_admin,1780,1
606,Trinidad_admin,1781,1
607,Trinidad_admin,1782,1
583,georgetown_admin,1783,1
609,ROLE_ADMIN,1784,1
609,Trinidad_admin,1785,1
228,gil_israel,2030,1
155,gil_se,2041,1
2,demo_user,2042,2
690,ROLE_ADMIN,2048,1
424,sydneysouth_admin,1789,1
610,ROLE_ADMIN,1790,1
611,ROLE_ADMIN,1791,1
612,ROLE_ADMIN,1792,1
613,ROLE_ADMIN,1793,1
690,radiomadhuban,2049,1
615,ROLE_ADMIN,1795,1
616,ROLE_ADMIN,1796,1
275,ROLE_ADMIN,1797,1
275,brisbane_admin,1798,1
617,ROLE_ADMIN,1799,1
620,ROLE_ADMIN,1802,1
614,ROLE_ADMIN,1794,1
614,vinu,1804,1
675,ROLE_ADMIN,1992,1
616,vinu,1805,1
616,fremantle_admin,1806,1
617,vinu,1807,1
617,gooseberryHill_admin,1808,1
675,ukraine_admin,1993,1
675,moscow_admin,1994,1
618,vinu,1811,1
618,huntingdale_admin,1812,1
620,vinu,1813,1
620,padbury_admin,1814,1
686,ROLE_ADMIN,2031,1
686,ptle_admin,2032,1
235,gil_brasil,2043,1
360,jagruti_n_patel,2050,1
693,ROLE_ADMIN,2057,1
693,oulu_admin,2058,1
693,finland_admin,2059,1
693,gil_se,2060,1
275,gil_au,2063,1
695,ROLE_ADMIN,2068,1
695,bordeaux_admin,2069,1
696,ROLE_ADMIN,2070,1
696,deuil_admin,2071,1
697,ROLE_ADMIN,2072,1
700,ROLE_ADMIN,2078,1
700,nantes_admin,2079,1
701,ROLE_ADMIN,2080,1
701,toulouse_admin,2081,1
432,lyon_admin,2082,1
248,lyon_admin,2083,1
700,france_admin,2089,1
702,ROLE_ADMIN,2091,1
702,sitioalem_admin,2092,1
703,ROLE_ADMIN,2093,1
703,sitioalem_admin,2094,1
705,tours_admin,2099,1
341,gil_canada,2102,1
714,vinu,2148,1
715,warsaw_admin,2152,1
716,warsaw_admin,2155,1
618,ROLE_ADMIN,1800,1
619,ROLE_ADMIN,1801,1
676,ROLE_ADMIN,1995,1
676,belarus_admin,1996,1
677,ROLE_ADMIN,1997,1
677,belarus_admin,1998,1
433,vinai.shah,2033,1
581,innertech,2044,1
691,ROLE_ADMIN,2051,1
262,helsinki_admin,2061,1
697,lille_admin,2073,1
694,france_admin,2084,1
699,france_admin,2088,1
704,ROLE_ADMIN,2096,1
704,tours_admin,2097,1
705,france_admin,2100,1
626,rekha,2149,1
716,ROLE_ADMIN,2153,1
716,polska_admin,2154,1
614,edgewater_admin,1803,1
160,gil_argentina,1815,1
186,gil_argentina,1816,1
621,ROLE_ADMIN,1817,1
621,divya,1818,1
621,gil_se,1819,1
622,ROLE_ADMIN,1820,1
622,portugal_admin,1821,1
622,odivelas_admin,1822,1
286,gil_au,1823,1
581,gil_se,1824,1
621,kalpna,1825,1
278,gil_au,1826,1
623,ROLE_ADMIN,1827,1
624,ROLE_ADMIN,1828,1
624,bulawayo_admin,1829,1
624,zimbabwe_admin,1830,1
623,zimbabwe_admin,1831,1
623,harare_admin,1832,1
625,ROLE_ADMIN,1833,1
625,windhoek_admin,1834,1
339,gil_pv,1835,1
625,gil_afr,1836,1
626,ROLE_ADMIN,1837,1
626,brixton_admin,1838,1
627,ROLE_ADMIN,1839,1
627,harrow_admin,1840,1
628,ROLE_ADMIN,1841,1
628,harrow_admin,1842,1
629,ROLE_ADMIN,1843,1
629,harrow_admin,1844,1
630,ROLE_ADMIN,1845,1
630,nh_admin,1846,1
626,gil_grc,1847,1
630,gil_grc,1848,1
579,gil_grc,1849,1
279,gil_au,1850,1
631,ROLE_ADMIN,1851,1
631,banjul_admin,1852,1
632,ROLE_ADMIN,1853,1
632,cotonou_admin,1854,1
633,ROLE_ADMIN,1855,1
633,gaberone_admin,1856,1
634,ROLE_ADMIN,1857,1
634,ouagadougou_admin,1858,1
635,ROLE_ADMIN,1859,1
635,bujumbura_admin,1860,1
636,ROLE_ADMIN,1861,1
636,brazzaville_admin,1862,1
637,ROLE_ADMIN,1863,1
637,conakry_admin,1864,1
638,ROLE_ADMIN,1865,1
638,bata_admin,1866,1
639,ROLE_ADMIN,1867,1
639,maseru_admin,1868,1
640,ROLE_ADMIN,1869,1
640,monrovia_admin,1870,1
641,ROLE_ADMIN,1871,1
641,antananarivo_admin,1872,1
642,ROLE_ADMIN,1873,1
642,blantyre_admin,1874,1
643,ROLE_ADMIN,1875,1
643,blantyre_admin,1876,1
644,ROLE_ADMIN,1877,1
644,bamako_admin,1878,1
645,ROLE_ADMIN,1879,1
645,Windhoek_admin,1880,1
646,ROLE_ADMIN,1881,1
646,lagos_admin,1882,1
647,ROLE_ADMIN,1883,1
647,sspaul_admin,1884,1
648,ROLE_ADMIN,1885,1
648,dakar_admin,1886,1
649,ROLE_ADMIN,1887,1
649,mahe_admin,1888,1
650,ROLE_ADMIN,1889,1
650,freetown_admin,1890,1
651,ROLE_ADMIN,1891,1
651,des_admin,1892,1
652,ROLE_ADMIN,1893,1
652,kampala_admin,1894,1
653,ROLE_ADMIN,1895,1
653,lusaka_admin,1896,1
433,gil_afr,1897,1
440,mra,1898,1
118,scf_admin,1899,1
325,gil_pv,1900,1
2,gch_admin,1901,1
654,ROLE_ADMIN,1902,1
654,awakening_team,1903,1
654,awakening_admin,1904,1
655,ROLE_ADMIN,1905,1
655,kuching_admin,1906,1
656,ROLE_ADMIN,1907,1
656,kuching_admin,1908,1
657,ROLE_ADMIN,1909,1
657,toongabbie_admin,1910,1
677,moscow_admin,1999,1
659,ROLE_ADMIN,1912,1
678,ROLE_ADMIN,2000,1
678,kazakhstan_admin,2001,1
678,moscow_admin,2002,1
658,ROLE_ADMIN,1911,1
679,ROLE_ADMIN,2003,1
679,tajikistan_admin,2004,1
660,ROLE_ADMIN,1917,1
660,medical_wing,1918,1
661,ROLE_ADMIN,1919,1
661,medical_wing,1920,1
661,gil_india,1921,1
660,gil_india,1922,1
2,gil_india,1923,1
537,komlo_admin,1924,1
382,florida_admin,1925,1
444,gil_se,1926,1
445,gil_se,1927,1
679,moscow_admin,2005,1
522,vinai.shah,2034,1
659,vinu,1914,1
659,penrith_admin,1928,1
658,vinu,1916,1
658,toongabbie_admin,1929,1
386,gil_se,1930,1
662,ROLE_ADMIN,1931,1
662,uptonp_admin,1932,1
663,ROLE_ADMIN,1933,1
663,tampere_admin,1934,1
664,ROLE_ADMIN,1935,1
664,lappeenranta_admin,1936,1
262,gil_se,1937,1
664,gil_se,1938,1
663,gil_se,1939,1
231,gil_israel,1940,1
96,warsaw_admin,1941,1
97,warsaw_admin,1942,1
664,finland_admin,1943,1
663,finland_admin,1944,1
665,ROLE_ADMIN,1945,1
665,finland_admin,1946,1
581,rekha_se,1947,1
195,bmc_admin,1948,1
666,ROLE_ADMIN,1949,1
666,ocala_admin,1950,1
666,gil_pv,1951,1
337,gil_watertown,1952,1
666,florida_admin,1953,1
667,ROLE_ADMIN,1954,1
680,ROLE_ADMIN,2006,1
668,ROLE_ADMIN,1956,1
668,ipip_admin,1957,1
680,georgia_admin,2007,1
684,ROLE_ADMIN,2014,1
667,darwin_admin,1955,1
669,ROLE_ADMIN,1958,1
669,romford_admin,1959,1
670,ROLE_ADMIN,1960,1
670,romford_admin,1961,1
374,gil_liniers,1962,1
360,romina,1963,1
148,gil_se,1964,1
446,gil_se,1965,1
178,gil_argentina,1966,1
547,gil_se,1967,1
671,ROLE_ADMIN,1968,1
671,french_murli,1969,1
671,maithili.shetty,1970,1
672,ROLE_ADMIN,1971,1
672,york,1972,1
672,york_admin,1973,1
672,gil_se,1974,1
152,gil_se,1975,1
673,ROLE_ADMIN,1976,1
673,john,1977,1
35,gil_spain,1978,30
684,latvia_admin,2015,1
685,ROLE_ADMIN,2016,1
685,lithuania_admin,2017,1
687,ROLE_ADMIN,2035,1
687,kiryat_ono_admin,2036,1
689,ROLE_ADMIN,2038,1
689,israel_admin,2039,1
168,gil_brasil,2045,1
691,mountain_house,2052,1
691,gil_se,2053,1
665,muut_admin,2062,1
698,ROLE_ADMIN,2074,1
698,lyon_admin,2075,1
699,ROLE_ADMIN,2076,1
699,montpellier_admin,2077,1
695,france_admin,2085,1
696,france_admin,2086,1
697,france_admin,2087,1
701,france_admin,2090,1
703,portugal_admin,2095,1
705,ROLE_ADMIN,2098,1
342,gil_canada,2101,1
706,ROLE_ADMIN,2103,1
706,portoseguro_admin,2104,1
706,brasil_admin,2105,1
706,gil_brasil,2106,1
186,gil_brasil,2107,1
441,gil_france,2108,1
116,rekha,2109,1
668,rekha,2110,1
668,gil_se,2111,1
630,rekha,2112,1
324,gil_pv,2113,1
440,kiran,2114,1
715,ROLE_ADMIN,2150,1
707,ROLE_ADMIN,2116,1
715,piaseczno_admin,2151,1
707,sunshinewest_admin,2117,1
707,vinu,2118,1
707,gil_au,2119,1
131,gil_se,2120,1
708,ROLE_ADMIN,2123,1
717,ROLE_ADMIN,2156,1
708,bulli_admin,2124,1
360,dorte,2125,1
709,ROLE_ADMIN,2126,1
709,pv_special,2127,1
709,peace_village_admin,2128,1
709,gil_pv,2129,1
710,ROLE_ADMIN,2130,1
710,admin,2131,1
711,ROLE_ADMIN,2132,1
711,rodrigues,2133,1
711,rodrigues_admin,2134,1
711,mauritius_admin,2135,1
711,gil_se,2136,1
546,gil_brasil,2137,1
712,ROLE_ADMIN,2138,1
712,belem_admin,2139,1
712,brasil_admin,2140,1
712,gil_brasil,2141,1
170,gil_brasil,2142,1
713,ROLE_ADMIN,2143,1
713,chennai_admin,2144,1
713,gil_se,2145,1
717,nz_admin,2158,1
717,napier_admin,2159,1
718,ROLE_ADMIN,2160,1
718,brazil_test_admin,2161,1
719,ROLE_ADMIN,2162,1
720,ROLE_ADMIN,2163,1
720,brazil_test_admin,2164,1
718,brasil_admin,2165,1
721,ROLE_ADMIN,2166,1
722,ROLE_ADMIN,2168,1
722,bkjf_admin,2169,1
722,gil_se,2170,1
289,rekha,2171,1
543,veeke,2172,1
723,ROLE_ADMIN,2173,1
723,er_admin,2174,1
543,rekha,2175,1
542,rekha,2176,1
181,gil_brasil,2177,1
724,ROLE_ADMIN,2178,1
724,eastbourne_admin,2179,1
724,gil_grc,2180,1
725,ROLE_ADMIN,2181,1
725,crawley_admin,2182,1
725,gil_grc,2183,1
726,ROLE_ADMIN,2184,1
726,tunbridge_wells_admin,2185,1
726,gil_grc,2186,1
727,ROLE_ADMIN,2187,1
727,enfield_admin,2188,1
727,gil_grc,2189,1
668,gil_grc,2190,1
728,ROLE_ADMIN,2191,1
728,uberlandia_admin,2192,1
728,gil_brasil,2193,1
729,ROLE_ADMIN,2194,1
729,spain_other_admin,2195,1
729,gil_spain,2196,1
539,spain_other_admin,2197,1
726,tunbridge_admin,2199,1
730,ROLE_ADMIN,2200,1
730,gent_admin,2201,1
730,gil_france,2203,1
731,ROLE_ADMIN,2204,1
731,toscana_admin,2205,1
732,ROLE_ADMIN,2206,1
732,emiliaromagna_admin,2207,1
733,ROLE_ADMIN,2208,1
733,veneto_admin,2209,1
734,ROLE_ADMIN,2210,1
734,umbria_admin,2211,1
735,ROLE_ADMIN,2212,1
735,sicilia_admin,2213,1
736,ROLE_ADMIN,2214,1
736,puglia_admin,2215,1
295,gil_italy,2216,1
294,gil_italy,2217,1
732,gil_italy,2218,1
293,gil_italy,2219,1
292,gil_italy,2220,1
735,gil_italy,2221,1
731,gil_italy,2222,1
734,gil_italy,2223,1
733,gil_italy,2224,1
736,gil_italy,2225,1
721,lisboa_admin,2226,1
721,lisboa_retiros,2167,1
535,gil_hungary,2227,1
237,gil_switzerland,2228,1
737,ROLE_ADMIN,2229,1
737,sardinia_admin,2230,1
195,gil_mauritius,2231,1
196,gil_mauritius,2232,1
197,gil_mauritius,2233,1
272,gil_mauritius,2234,1
194,gil_mauritius,2235,1
193,gil_mauritius,2236,1
198,gil_mauritius,2237,1
711,gil_mauritius,2238,1
271,gil_mauritius,2239,1
2,gil_mauritius,2240,1
433,africa_admin,2241,1
434,africa_admin,2242,1
189,africa_admin,2243,1
190,africa_admin,2244,1
191,africa_admin,2245,1
192,africa_admin,2246,1
193,africa_admin,2247,1
194,africa_admin,2248,1
195,africa_admin,2249,1
196,africa_admin,2250,1
197,africa_admin,2251,1
198,africa_admin,2252,1
199,africa_admin,2253,1
200,africa_admin,2254,1
202,africa_admin,2255,1
203,africa_admin,2256,1
209,africa_admin,2257,1
271,africa_admin,2258,1
272,africa_admin,2259,1
623,africa_admin,2260,1
624,africa_admin,2261,1
625,africa_admin,2262,1
631,africa_admin,2263,1
632,africa_admin,2264,1
634,africa_admin,2265,1
635,africa_admin,2266,1
636,africa_admin,2267,1
637,africa_admin,2268,1
638,africa_admin,2269,1
640,africa_admin,2270,1
641,africa_admin,2271,1
643,africa_admin,2272,1
644,africa_admin,2273,1
646,africa_admin,2274,1
647,africa_admin,2275,1
649,africa_admin,2276,1
651,africa_admin,2277,1
652,africa_admin,2278,1
653,africa_admin,2279,1
711,africa_admin,2280,1
522,africa_admin,2281,1
593,abc_admin,2282,1
587,abc_admin,2283,1
586,abc_admin,2284,1
608,abc_admin,2285,1
738,ROLE_ADMIN,2286,1
738,nickerie_admin,2287,1
738,suriname_admin,2288,1
584,suriname_admin,2289,1
440,sanjay_sao,2290,1
739,ROLE_ADMIN,2291,1
739,sanjay_sao,2292,1
739,madhuban_retreats_admin,2293,1
368,gil_scandinavia,2294,1
539,spain_thoughts_admin,2295,1
740,ROLE_ADMIN,2296,1
740,habana_admin,2297,1
741,ROLE_ADMIN,2298,1
741,tegucigalpa_admin,2299,1
742,ROLE_ADMIN,2300,1
742,san_pedro_sula_admin,2301,1
742,honduras_admin,2302,1
741,honduras_admin,2303,1
743,ROLE_ADMIN,2304,1
743,cartago_admin,2305,1
743,costa_rica_admin,2306,1
744,ROLE_ADMIN,2307,1
744,moscow_admin,2308,1
745,ROLE_ADMIN,2309,1
745,stpetersburg_admin,2310,1
746,ROLE_ADMIN,2311,1
746,saratov_admin,2312,1
747,ROLE_ADMIN,2313,1
747,russian_thoughts_admin,2314,1
748,ROLE_ADMIN,2315,1
748,vilnius_admin,2316,1
749,ROLE_ADMIN,2317,1
749,odessa_admin,2318,1
329,mayo_admin,2319,1
333,gil_ireland,2320,1
328,gil_ireland,2321,1
311,gil_ireland,2322,1
267,gil_brasil,2323,1
225,gil_brasil,2324,1
55,gil_se,2325,1
750,ROLE_ADMIN,2326,1
750,isw_admin,2327,1
750,isw_events,2328,1
750,gil_se,2329,1
384,gil_pv,2330,1
385,gil_pv,2331,1
174,gil_brasil,2332,1
329,gil_ireland,2333,1
351,bath_admin,2334,1
751,ROLE_ADMIN,2335,1
751,moringen_admin,2336,1
739,gil_india,2337,1
440,gil_india,2338,1
739,madhuban_retreats2_admin,2340,1
751,dorte,2341,1
752,ROLE_ADMIN,2342,1
752,madhuban_retreats2_admin,2343,1
753,ROLE_ADMIN,2344,1
753,madhuban_retreats2_admin,2345,1
754,ROLE_ADMIN,2346,1
754,madhuban_retreats2_admin,2347,1
755,ROLE_ADMIN,2348,1
755,apr_admin,2349,1
756,ROLE_ADMIN,2350,1
756,france_public_retreats,2351,1
757,ROLE_ADMIN,2352,1
757,france_bk_retreats,2353,1
758,ROLE_ADMIN,2354,1
758,lajeado_admin,2355,1
758,brasil_admin,2356,1
758,gil_brasil,2357,1
363,gil_pv,2358,1
759,ROLE_ADMIN,2359,1
759,brahia_blanca_admin,2360,1
760,ROLE_ADMIN,2361,1
760,corrientes_admin,2362,1
759,emiliano,2363,1
759,gil_argentina,2364,1
760,emiliano,2365,1
760,gil_argentina,2366,1
185,gil_brasil,2367,1
142,gil,2368,1
142,gil_se,2369,1
761,ROLE_ADMIN,2370,1
761,langley_admin,2371,1
761,gil_se,2372,1
762,ROLE_ADMIN,2373,1
762,accra_admin,2374,1
763,ROLE_ADMIN,2375,1
763,ivory_admin,2376,1
381,gil_pv,2377,1
751,gil_se,2378,1
685,vilnius_admin,2379,1
684,vilnius_admin,2380,1
683,vilnius_admin,2381,1
751,gabi_reimann,2382,1
486,moscow_admin,2384,1
486,stpetersburg_admin,2385,1
757,FranceRakhi,2386,1
739,aprc_admin,2387,1
755,aprc_admin,2388,1
764,ROLE_ADMIN,2389,1
764,rs_outras_admin,2390,1
764,brasil_admin,2391,1
764,gil_brasil,2392,1
739,gil,2393,1
739,vasanti_india,2394,1
360,vasanti_uk,2395,1
575,gil,2396,1
764,brasil_admin2,2397,1
765,ROLE_ADMIN,2398,1
765,corrientes_admin,2399,1
766,ROLE_ADMIN,2400,1
766,josebavaria_admin,2401,1
767,ROLE_ADMIN,2402,1
767,bucamaranga_admin,2403,1
768,ROLE_ADMIN,2404,1
768,fusagasuga_admin,2405,1
769,ROLE_ADMIN,2406,1
769,barranquilla_admin,2407,1
769,colombia_admin,2408,1
767,colombia_admin,2409,1
768,colombia_admin,2410,1
766,colombia_admin,2411,1
739,orc_transport,2412,1
770,ROLE_ADMIN,2413,1
770,spanish_admin,2414,1
35,gil,2415,30
369,santiago_admin,2416,1
757,gil,2417,1
757,france_public_retreats,2418,1
264,gil,2419,1
225,gil,2420,1
756,gil,2421,1
739,carolin,2422,1
414,chiquinquira_admin,2423,1
771,ROLE_ADMIN,2424,1
771,santa_cruz_admin,2425,1
772,ROLE_ADMIN,2426,1
772,santacruz_admin,2427,1
772,gil,2429,1
751,gil,2430,1
360,liz,2432,1
773,ROLE_ADMIN,2433,1
773,liz,2434,1
774,ROLE_ADMIN,2435,1
774,parma_admin,2436,1
295,gil,2437,1
774,gil,2438,1
557,gil,2439,1
194,gil,2440,1
267,gil,2441,1
98,gil,2442,1
775,ROLE_ADMIN,2443,1
775,brasil_admin,2445,1
775,bkbrasil40_admin,2444,1
751,isabel_barcelona,2446,1
751,marta_barcelona,2447,1
773,gil,2448,1
773,dipti,2449,1
541,sao_pedro_admin,2450,1
776,ROLE_ADMIN,2451,1
776,bristol_admin,2452,1
776,gil,2453,1
131,gil,2454,1
2,nawin,2455,1
712,gil,2456,1
58,gil,2457,1
777,ROLE_ADMIN,2458,1
777,jim,2459,1
777,gil,2460,1
777,kim.lewis,2461,1
721,gil,2462,1
266,gil,2463,1
55,gil,2464,1
243,gil,2465,1
243,aramon_admin,2466,1
333,gil,2467,1
673,gil,2468,1
778,ROLE_ADMIN,2469,1
778,torres_novas_admin,2470,1
778,portugal_admin,2471,1
778,gil,2472,1
223,gil,2473,1
291,gil,2474,1
750,allan,2475,1
290,gil,2476,1
779,ROLE_ADMIN,2477,1
115,gil,2479,1
779,gil,2480,1
779,birmigham_is_admin,2481,1
779,birminghamIS_admin,2478,1
779,birmingham_is_admin,2483,1
160,gil,2484,1
26,gil,2485,1
219,gil,2486,1
780,ROLE_ADMIN,2487,1
780,india_it_programs,2488,1
780,gil,2489,1
333,liz,2490,1
328,liz,2491,1
311,liz,2492,1
329,liz,2493,1
114,nawin,2494,1
351,nawin,2495,1
115,nawin,2496,1
779,nawin,2497,1
722,nawin,2498,1
305,nawin,2499,1
149,nawin,2500,1
116,nawin,2501,1
776,nawin,2502,1
626,nawin,2503,1
318,nawin,2504,1
446,nawin,2505,1
291,nawin,2506,1
150,nawin,2507,1
447,nawin,2508,1
264,nawin,2509,1
147,nawin,2510,1
133,nawin,2511,1
725,nawin,2512,1
138,nawin,2513,1
724,nawin,2514,1
113,nawin,2515,1
727,nawin,2516,1
307,nawin,2517,1
359,nawin,2518,1
321,nawin,2519,1
100,nawin,2520,1
579,nawin,2521,1
151,nawin,2522,1
630,nawin,2523,1
159,nawin,2524,1
166,nawin,2525,1
139,nawin,2526,1
148,nawin,2527,1
154,nawin,2528,1
152,nawin,2529,1
301,nawin,2530,1
98,nawin,2531,1
155,nawin,2532,1
167,nawin,2533,1
103,nawin,2534,1
322,nawin,2535,1
131,nawin,2536,1
308,nawin,2537,1
140,nawin,2538,1
319,nawin,2539,1
444,nawin,2540,1
99,nawin,2541,1
141,nawin,2542,1
320,nawin,2543,1
3,nawin,2544,1
290,nawin,2545,1
156,nawin,2546,1
33,nawin,2547,1
312,nawin,2548,1
670,nawin,2549,1
445,nawin,2550,1
83,nawin,2551,1
761,nawin,2552,1
142,nawin,2553,1
157,nawin,2554,1
352,nawin,2555,1
118,nawin,2556,1
574,nawin,2557,1
306,nawin,2558,1
726,nawin,2559,1
662,nawin,2560,1
144,nawin,2561,1
300,nawin,2562,1
146,nawin,2563,1
55,nawin,2564,1
750,nawin,2565,1
145,nawin,2566,1
310,nawin,2567,1
165,nawin,2568,1
102,nawin,2569,1
672,nawin,2570,1
351,gil,2571,1
305,gil,2572,1
662,gil,2573,1
2,iso_admin,2575,1
725,brighton_admin,2576,1
138,edinburgh_admin,2577,1
724,brighton_admin,2578,1
727,brighton_admin,2579,1
726,brighton_admin,2580,1
118,birmingham_admin,2581,1
781,ROLE_ADMIN,2582,1
781,peace_village_admin,2583,1
781,gil,2584,1
782,ROLE_ADMIN,2585,1
782,peace_village_admin,2586,1
782,gil,2587,1
373,gil,2588,1
446,gil,2589,1
783,ROLE_ADMIN,2590,1
783,gil,2592,1
761,gil,2593,1
630,isw_admin,2594,1
300,isw_admin,2595,1
630,stalbans_admin,2596,1
359,stanmore_admin,2597,1
626,gil,2598,1
709,gil,2599,1
784,ROLE_ADMIN,2600,1
784,gil,2601,1
784,isleofman_admin,2602,1
789,ROLE_ADMIN,2626,1
785,ROLE_ADMIN,2603,1
785,bkguddi,2604,1
785,gil,2605,1
786,ROLE_ADMIN,2606,1
786,finland_admin,2607,1
786,helsinki_admin,2608,1
779,rekha,2609,1
233,gil,2610,1
580,gil,2611,1
563,colombia_admin,2612,1
563,tunja_admin,2613,1
787,ROLE_ADMIN,2614,1
787,queretaro_admin,2615,1
788,ROLE_ADMIN,2616,1
788,tijuana_admin,2617,1
784,special_events_2020,2618,1
113,gil,2619,1
2,gch_portuguese,2620,6
2,gch_spanish,2621,2
262,gil,2622,1
784,raj_sookha,2623,1
784,vinai.shah,2624,1
789,bristol_admin,2627,1
789,gil,2628,1
790,ROLE_ADMIN,2630,1
213,gil,2629,1
790,uk50,2631,1
790,rekha,2632,1
790,nawin,2633,1
790,dipti,2634,1
790,gil,2635,1
148,gil,2637,1
668,gil,2638,1
791,ROLE_ADMIN,2639,1
791,gch_courses,2640,1
791,gil,2641,1
579,rekha,2642,1
186,gil,2643,1
267,belo_horizonte_admin,2644,1
235,gil,2645,1
290,grc_admin,695,1
784,kim.lewis,2646,1
579,gil,2647,1
543,chandan,2648,1
289,chandan,2649,1
2,grc_admin,2650,2
290,oxford_outreach,2651,1
745,moscow_admin,2652,1
746,moscow_admin,2653,1
729,spain_admin,2654,1
792,ROLE_ADMIN,2655,1
792,bosnia_admin,2656,1
792,gil,2657,1
38,gil,2658,30
791,rekha,2659,1
759,argentina_admin,2660,1
373,argentina_admin,2661,1
760,argentina_admin,2662,1
379,argentina_admin,2663,1
374,argentina_admin,2664,1
375,argentina_admin,2665,1
553,argentina_admin,2666,1
376,argentina_admin,2667,1
378,argentina_admin,2668,1
377,argentina_admin,2669,1
549,argentina_admin,2670,1
554,argentina_admin,2671,1
184,gil,2672,1
188,gil,2673,1
174,gil,2674,1
178,gil,2675,1
180,gil,2676,1
728,brasil_admin,2677,1
3,grc_only,2678,1
131,allan,2679,1
93,gil,2680,1
567,sp_outras_cidades_admin,2681,1
266,joerdis,2682,1
237,joerdis,2683,1
751,joerdis,2684,1
266,vienna_admin,2685,1
